num,keyword,minor_category,major_category,갯수
AA-01,전시,전시회 관람,문화예술 관람/참여활동,0
AA-02,사진전,전시회 관람,문화예술 관람/참여활동,0
AA-03,아트홀,전시회 관람,문화예술 관람/참여활동,0
AA-04,갤러리,전시회 관람,문화예술 관람/참여활동,0
AA-05,엑스코,전시회 관람,문화예술 관람/참여활동,0
AA-06,백스코,전시회 관람,문화예술 관람/참여활동,0
AA-07,페어,전시회 관람,문화예술 관람/참여활동,0
AA-08,박람회,전시회 관람,문화예술 관람/참여활동,0
AB-01,박물관,박물관 관람,문화예술 관람/참여활동,0
AB-02,역사,박물관 관람,문화예술 관람/참여활동,0
AB-03,문화재,박물관 관람,문화예술 관람/참여활동,0
AB-04,유물,박물관 관람,문화예술 관람/참여활동,0
AB-05,과학관,박물관 관람,문화예술 관람/참여활동,0
AB-06,미술관,박물관 관람,문화예술 관람/참여활동,0
AB-07,기념관,박물관 관람,문화예술 관람/참여활동,0
AC-01,클래식,"음악연주회 관람(클래식, 오페라 등)",문화예술 관람/참여활동,0
AC-02,오페라,"음악연주회 관람(클래식, 오페라 등)",문화예술 관람/참여활동,0
AC-03,오케스트라,"음악연주회 관람(클래식, 오페라 등)",문화예술 관람/참여활동,0
AC-04,연주회,"음악연주회 관람(클래식, 오페라 등)",문화예술 관람/참여활동,0
AC-05,음악회,"음악연주회 관람(클래식, 오페라 등)",문화예술 관람/참여활동,0
AC-06,콩쿠르,"음악연주회 관람(클래식, 오페라 등)",문화예술 관람/참여활동,0
AC-07,관현악,"음악연주회 관람(클래식, 오페라 등)",문화예술 관람/참여활동,0
AC-08,예술의전당,"음악연주회 관람(클래식, 오페라 등)",문화예술 관람/참여활동,0
AD-01,국악,"전통예술공연 관람(국악, 민속놀이 등) / 배우기",문화예술 관람/참여활동,0
AD-02,민속놀이,"전통예술공연 관람(국악, 민속놀이 등) / 배우기",문화예술 관람/참여활동,0
AD-03,민요,"전통예술공연 관람(국악, 민속놀이 등) / 배우기",문화예술 관람/참여활동,0
AD-04,판소리,"전통예술공연 관람(국악, 민속놀이 등) / 배우기",문화예술 관람/참여활동,0
AD-05,사물놀이,"전통예술공연 관람(국악, 민속놀이 등) / 배우기",문화예술 관람/참여활동,0
AD-06,줄타기,"전통예술공연 관람(국악, 민속놀이 등) / 배우기",문화예술 관람/참여활동,0
AD-07,가야금,"전통예술공연 관람(국악, 민속놀이 등) / 배우기",문화예술 관람/참여활동,0
AD-08,해금,"전통예술공연 관람(국악, 민속놀이 등) / 배우기",문화예술 관람/참여활동,0
AD-09,거문고,"전통예술공연 관람(국악, 민속놀이 등) / 배우기",문화예술 관람/참여활동,0
AE-01,연극,연극공연 관람(뮤지컬 포함),문화예술 관람/참여활동,0
AE-02,뮤지컬,연극공연 관람(뮤지컬 포함),문화예술 관람/참여활동,0
AE-03,극단,연극공연 관람(뮤지컬 포함),문화예술 관람/참여활동,0
AE-04,브로드웨이,연극공연 관람(뮤지컬 포함),문화예술 관람/참여활동,0
AE-05,소극장,연극공연 관람(뮤지컬 포함),문화예술 관람/참여활동,0
AF-01,무용공연,춤/무용공연,문화예술 관람/참여활동,0
AF-02,발레,춤/무용공연,문화예술 관람/참여활동,0
AF-03,댄스,춤/무용공연,문화예술 관람/참여활동,0
AF-04,무용,춤/무용공연,문화예술 관람/참여활동,0
AF-05,비보잉,춤/무용공연,문화예술 관람/참여활동,0
AG-01,영화관,영화관람,문화예술 관람/참여활동,0
AG-02,롯데시네마,영화관람,문화예술 관람/참여활동,0
AG-03,cgv,영화관람,문화예술 관람/참여활동,0
AG-04,메가박스,영화관람,문화예술 관람/참여활동,0
AG-05,상영,영화관람,문화예술 관람/참여활동,0
AG-06,아이맥스,영화관람,문화예술 관람/참여활동,0
AG-07,개봉,영화관람,문화예술 관람/참여활동,0
AG-08,자동차극장,영화관람,문화예술 관람/참여활동,0
AH-01,콘서트,"연예공연 관람(쇼, 콘서트, 마술쇼 등)",문화예술 관람/참여활동,0
AH-02,마술,"연예공연 관람(쇼, 콘서트, 마술쇼 등)",문화예술 관람/참여활동,0
AH-03,버스킹,"연예공연 관람(쇼, 콘서트, 마술쇼 등)",문화예술 관람/참여활동,0
AI-01,문학행사,문학행사참여,문화예술 관람/참여활동,0
AI-02,산문,문학행사참여,문화예술 관람/참여활동,0
AI-03,낭송,문학행사참여,문화예술 관람/참여활동,0
AI-04,수필,문학행사참여,문화예술 관람/참여활동,0
AI-05,글짓기,문학행사참여,문화예술 관람/참여활동,0
AI-06,글쓰기,문학행사참여,문화예술 관람/참여활동,0
AI-07,독서,문학행사참여,문화예술 관람/참여활동,0
AI-08,토론,문학행사참여,문화예술 관람/참여활동,0
AI-09,문학,문학행사참여,문화예술 관람/참여활동,0
AJ-01,도예,미술활동,문화예술 관람/참여활동,0
AJ-02,서예,미술활동,문화예술 관람/참여활동,0
AJ-03,공방,미술활동,문화예술 관람/참여활동,0
AJ-04,붓,미술활동,문화예술 관람/참여활동,0
AJ-05,그리기,미술활동,문화예술 관람/참여활동,0
AK-01,노래,악기연주/노래교실,문화예술 관람/참여활동,0
AK-02,기타연주,악기연주/노래교실,문화예술 관람/참여활동,0
AK-03,밴드,악기연주/노래교실,문화예술 관람/참여활동,0
AL-01,디카,사진촬영(디지털 카메라 포함),문화예술 관람/참여활동,0
AL-02,필카,사진촬영(디지털 카메라 포함),문화예술 관람/참여활동,0
AL-03,필름,사진촬영(디지털 카메라 포함),문화예술 관람/참여활동,0
AL-04,dslr,사진촬영(디지털 카메라 포함),문화예술 관람/참여활동,0
AL-05,사진작가,사진촬영(디지털 카메라 포함),문화예술 관람/참여활동,0
AL-06,스냅,사진촬영(디지털 카메라 포함),문화예술 관람/참여활동,0
AL-07,소니,사진촬영(디지털 카메라 포함),문화예술 관람/참여활동,0
AL-08,캐논,사진촬영(디지털 카메라 포함),문화예술 관람/참여활동,0
AL-09,출사,사진촬영(디지털 카메라 포함),문화예술 관람/참여활동,0
BA-01,직관,"스포츠 경기 직/간접 관람 (축구, 야구, 농구, 배구 등)",스포츠 관람/참여활동,0
BA-02,k리그,"스포츠 경기 직/간접 관람 (축구, 야구, 농구, 배구 등)",스포츠 관람/참여활동,0
BA-03,야구,"스포츠 경기 직/간접 관람 (축구, 야구, 농구, 배구 등)",스포츠 관람/참여활동,0
BA-04,경기장,"스포츠 경기 직/간접 관람 (축구, 야구, 농구, 배구 등)",스포츠 관람/참여활동,0
BA-05,사직야구장,"스포츠 경기 직/간접 관람 (축구, 야구, 농구, 배구 등)",스포츠 관람/참여활동,0
BA-06,사직구장,"스포츠 경기 직/간접 관람 (축구, 야구, 농구, 배구 등)",스포츠 관람/참여활동,0
BA-07,코트,"스포츠 경기 직/간접 관람 (축구, 야구, 농구, 배구 등)",스포츠 관람/참여활동,0
BA-08,풋살,"스포츠 경기 직/간접 관람 (축구, 야구, 농구, 배구 등)",스포츠 관람/참여활동,0
BA-09,족구,"스포츠 경기 직/간접 관람 (축구, 야구, 농구, 배구 등)",스포츠 관람/참여활동,0
BA-10,축구,"스포츠 경기 직/간접 관람 (축구, 야구, 농구, 배구 등)",스포츠 관람/참여활동,0
BA-11,배트,"스포츠 경기 직/간접 관람 (축구, 야구, 농구, 배구 등)",스포츠 관람/참여활동,0
BA-12,농구,"스포츠 경기 직/간접 관람 (축구, 야구, 농구, 배구 등)",스포츠 관람/참여활동,0
BA-13,배구,"스포츠 경기 직/간접 관람 (축구, 야구, 농구, 배구 등)",스포츠 관람/참여활동,0
BB-01,태권도,"격투 스포츠 경기관람(태권도, 유도, 합기도, 검도, 권투, ufc 등)",스포츠 관람/참여활동,0
BB-02,유도,"격투 스포츠 경기관람(태권도, 유도, 합기도, 검도, 권투, ufc 등)",스포츠 관람/참여활동,0
BB-03,합기도,"격투 스포츠 경기관람(태권도, 유도, 합기도, 검도, 권투, ufc 등)",스포츠 관람/참여활동,0
BB-04,검도,"격투 스포츠 경기관람(태권도, 유도, 합기도, 검도, 권투, ufc 등)",스포츠 관람/참여활동,0
BB-05,권투,"격투 스포츠 경기관람(태권도, 유도, 합기도, 검도, 권투, ufc 등)",스포츠 관람/참여활동,0
BB-06,ufc,"격투 스포츠 경기관람(태권도, 유도, 합기도, 검도, 권투, ufc 등)",스포츠 관람/참여활동,0
BB-07,복싱,"격투 스포츠 경기관람(태권도, 유도, 합기도, 검도, 권투, ufc 등)",스포츠 관람/참여활동,0
BB-08,주짓수,"격투 스포츠 경기관람(태권도, 유도, 합기도, 검도, 권투, ufc 등)",스포츠 관람/참여활동,0
BB-09,무에타이,"격투 스포츠 경기관람(태권도, 유도, 합기도, 검도, 권투, ufc 등)",스포츠 관람/참여활동,0
BB-10,레슬링,"격투 스포츠 경기관람(태권도, 유도, 합기도, 검도, 권투, ufc 등)",스포츠 관람/참여활동,0
BB-11,도장,"격투 스포츠 경기관람(태권도, 유도, 합기도, 검도, 권투, ufc 등)",스포츠 관람/참여활동,0
BC-01,스타크래프트,온라인게임 경기관람(e-스포츠 경기 포함),스포츠 관람/참여활동,0
BC-02,오버워치,온라인게임 경기관람(e-스포츠 경기 포함),스포츠 관람/참여활동,0
BC-03,페이커,온라인게임 경기관람(e-스포츠 경기 포함),스포츠 관람/참여활동,0
BC-04,배그,온라인게임 경기관람(e-스포츠 경기 포함),스포츠 관람/참여활동,0
BC-05,e-스포츠,온라인게임 경기관람(e-스포츠 경기 포함),스포츠 관람/참여활동,0
BD-01,테니스,"테니스, 스쿼시",스포츠 관람/참여활동,0
BD-02,스쿼시,"테니스, 스쿼시",스포츠 관람/참여활동,0
BD-03,라켓,"테니스, 스쿼시",스포츠 관람/참여활동,0
BE-01,당구,"당구, 포켓볼",스포츠 관람/참여활동,0
BE-02,포켓볼,"당구, 포켓볼",스포츠 관람/참여활동,0
BE-03,삼구,"당구, 포켓볼",스포츠 관람/참여활동,0
BE-04,사구,"당구, 포켓볼",스포츠 관람/참여활동,0
BE-05,쓰리쿠션,"당구, 포켓볼",스포츠 관람/참여활동,0
BE-06,큐대,"당구, 포켓볼",스포츠 관람/참여활동,0
BF-01,볼링,"볼링, 탁구",스포츠 관람/참여활동,0
BF-02,탁구,"볼링, 탁구",스포츠 관람/참여활동,0
BG-01,골프,골프,스포츠 관람/참여활동,0
BG-02,캐디,골프,스포츠 관람/참여활동,0
BG-03,pga,골프,스포츠 관람/참여활동,0
BG-04,더블보기,골프,스포츠 관람/참여활동,0
BG-05,홀인원,골프,스포츠 관람/참여활동,0
BG-06,알바트로스,골프,스포츠 관람/참여활동,0
BG-07,수영,수영,스포츠 관람/참여활동,0
BG-08,수경,수영,스포츠 관람/참여활동,0
BG-09,자유형,수영,스포츠 관람/참여활동,0
BG-10,배영,수영,스포츠 관람/참여활동,0
BG-11,접영,수영,스포츠 관람/참여활동,0
BH-01,윈드서핑,"윈드서핑, 수상스키, 스킨스쿠버다이빙, 래프팅, 요트",스포츠 관람/참여활동,0
BH-02,수상스키,"윈드서핑, 수상스키, 스킨스쿠버다이빙, 래프팅, 요트",스포츠 관람/참여활동,0
BH-03,스킨스쿠버,"윈드서핑, 수상스키, 스킨스쿠버다이빙, 래프팅, 요트",스포츠 관람/참여활동,0
BH-04,다이빙,"윈드서핑, 수상스키, 스킨스쿠버다이빙, 래프팅, 요트",스포츠 관람/참여활동,0
BH-05,래프팅,"윈드서핑, 수상스키, 스킨스쿠버다이빙, 래프팅, 요트",스포츠 관람/참여활동,0
BH-06,요트,"윈드서핑, 수상스키, 스킨스쿠버다이빙, 래프팅, 요트",스포츠 관람/참여활동,0
BH-07,조정,"윈드서핑, 수상스키, 스킨스쿠버다이빙, 래프팅, 요트",스포츠 관람/참여활동,0
BH-08,카누,"윈드서핑, 수상스키, 스킨스쿠버다이빙, 래프팅, 요트",스포츠 관람/참여활동,0
BH-09,수상운동,"윈드서핑, 수상스키, 스킨스쿠버다이빙, 래프팅, 요트",스포츠 관람/참여활동,0
BI-01,스노우보드,"스노우보드, 스키",스포츠 관람/참여활동,0
BI-02,스키,"스노우보드, 스키",스포츠 관람/참여활동,0
BI-03,보드,"스노우보드, 스키",스포츠 관람/참여활동,0
BI-04,하이원,"스노우보드, 스키",스포츠 관람/참여활동,0
BJ-01,아이스스케이트,"아이스스케이트, 아이스하키 ",스포츠 관람/참여활동,0
BJ-02,아이스하키,"아이스스케이트, 아이스하키 ",스포츠 관람/참여활동,0
BJ-03,아이스링크,"아이스스케이트, 아이스하키 ",스포츠 관람/참여활동,0
BK-01,헬스,헬스(바디빌딩)/크로스핏,스포츠 관람/참여활동,0
BK-02,바디빌딩,헬스(바디빌딩)/크로스핏,스포츠 관람/참여활동,0
BK-03,웨이트,헬스(바디빌딩)/크로스핏,스포츠 관람/참여활동,0
BK-04,단백질,헬스(바디빌딩)/크로스핏,스포츠 관람/참여활동,0
BK-05,레깅스,헬스(바디빌딩)/크로스핏,스포츠 관람/참여활동,0
BK-06,운동,헬스(바디빌딩)/크로스핏,스포츠 관람/참여활동,0
BK-07,오운완,헬스(바디빌딩)/크로스핏,스포츠 관람/참여활동,0
BK-08,크로스핏,헬스(바디빌딩)/크로스핏,스포츠 관람/참여활동,0
BK-09,클핏,헬스(바디빌딩)/크로스핏,스포츠 관람/참여활동,0
BK-10,역도,헬스(바디빌딩)/크로스핏,스포츠 관람/참여활동,0
BL-01,요가,요가/필라테스/태보,스포츠 관람/참여활동,0
BL-02,필라테스,요가/필라테스/태보,스포츠 관람/참여활동,0
BL-03,매트,요가/필라테스/태보,스포츠 관람/참여활동,0
BL-04,태보,요가/필라테스/태보,스포츠 관람/참여활동,0
BL-05,에어로빅,요가/필라테스/태보,스포츠 관람/참여활동,0
BM-01,배드민턴,"배드민턴/줄넘기/맨손 체조, 스트레칭 체조/훌라후프",스포츠 관람/참여활동,0
BM-02,줄넘기,"배드민턴/줄넘기/맨손 체조, 스트레칭 체조/훌라후프",스포츠 관람/참여활동,0
BM-03,체조,"배드민턴/줄넘기/맨손 체조, 스트레칭 체조/훌라후프",스포츠 관람/참여활동,0
BM-04,훌라후프,"배드민턴/줄넘기/맨손 체조, 스트레칭 체조/훌라후프",스포츠 관람/참여활동,0
BM-05,이단뛰기,"배드민턴/줄넘기/맨손 체조, 스트레칭 체조/훌라후프",스포츠 관람/참여활동,0
BM-06,삼단뛰기,"배드민턴/줄넘기/맨손 체조, 스트레칭 체조/훌라후프",스포츠 관람/참여활동,0
BM-07,쌩쌩이,"배드민턴/줄넘기/맨손 체조, 스트레칭 체조/훌라후프",스포츠 관람/참여활동,0
BN-01,육상,육상/조깅/속보,스포츠 관람/참여활동,0
BN-02,조깅,육상/조깅/속보,스포츠 관람/참여활동,0
BN-03,속보,육상/조깅/속보,스포츠 관람/참여활동,0
BN-04,걷기,육상/조깅/속보,스포츠 관람/참여활동,0
BN-05,트랙,육상/조깅/속보,스포츠 관람/참여활동,0
BN-06,러닝,육상/조깅/속보,스포츠 관람/참여활동,0
BN-07,마라톤,육상/조깅/속보,스포츠 관람/참여활동,0
BN-08,런데이,육상/조깅/속보,스포츠 관람/참여활동,0
BO-01,탱고,"댄스스포츠(탱고, 왈츠, 자이브, 맘보, 폴카, 차차차 등)",스포츠 관람/참여활동,0
BO-02,왈츠,"댄스스포츠(탱고, 왈츠, 자이브, 맘보, 폴카, 차차차 등)",스포츠 관람/참여활동,0
BO-03,자이브,"댄스스포츠(탱고, 왈츠, 자이브, 맘보, 폴카, 차차차 등)",스포츠 관람/참여활동,0
BO-04,맘보,"댄스스포츠(탱고, 왈츠, 자이브, 맘보, 폴카, 차차차 등)",스포츠 관람/참여활동,0
BO-05,폴카,"댄스스포츠(탱고, 왈츠, 자이브, 맘보, 폴카, 차차차 등)",스포츠 관람/참여활동,0
BO-06,차차차,"댄스스포츠(탱고, 왈츠, 자이브, 맘보, 폴카, 차차차 등)",스포츠 관람/참여활동,0
BO-07,룸바,"댄스스포츠(탱고, 왈츠, 자이브, 맘보, 폴카, 차차차 등)",스포츠 관람/참여활동,0
BO-08,삼바,"댄스스포츠(탱고, 왈츠, 자이브, 맘보, 폴카, 차차차 등)",스포츠 관람/참여활동,0
BP-01,사이클링,사이클링/산악자전거,스포츠 관람/참여활동,0
BP-02,사이클,사이클링/산악자전거,스포츠 관람/참여활동,0
BP-03,자전거,사이클링/산악자전거,스포츠 관람/참여활동,0
BP-04,mtb,사이클링/산악자전거,스포츠 관람/참여활동,0
BQ-01,인라인스케이트,인라인스케이트,스포츠 관람/참여활동,0
BQ-02,롤러스케이트,인라인스케이트,스포츠 관람/참여활동,0
BQ-03,롤러장,인라인스케이트,스포츠 관람/참여활동,0
BR-01,승마,"승마, 암벽등반, 철인삼종경기, 서바이벌",스포츠 관람/참여활동,0
BR-02,암벽등반,"승마, 암벽등반, 철인삼종경기, 서바이벌",스포츠 관람/참여활동,0
BR-03,철인삼종경기,"승마, 암벽등반, 철인삼종경기, 서바이벌",스포츠 관람/참여활동,0
BR-04,서바이벌,"승마, 암벽등반, 철인삼종경기, 서바이벌",스포츠 관람/참여활동,0
BR-05,클라이밍,"승마, 암벽등반, 철인삼종경기, 서바이벌",스포츠 관람/참여활동,0
BR-06,인공암벽,"승마, 암벽등반, 철인삼종경기, 서바이벌",스포츠 관람/참여활동,0
BR-07,승마장,"승마, 암벽등반, 철인삼종경기, 서바이벌",스포츠 관람/참여활동,0
BR-08,트라이애슬론,"승마, 암벽등반, 철인삼종경기, 서바이벌",스포츠 관람/참여활동,0
CA-01,유적,"문화유적방문(고궁, 절, 유적지 등)",관광활동,0
CA-02,왕릉,"문화유적방문(고궁, 절, 유적지 등)",관광활동,0
CA-03,고분,"문화유적방문(고궁, 절, 유적지 등)",관광활동,0
CA-04,문화유산,"문화유적방문(고궁, 절, 유적지 등)",관광활동,0
CA-05,유네스코,"문화유적방문(고궁, 절, 유적지 등)",관광활동,0
CA-06,고인돌,"문화유적방문(고궁, 절, 유적지 등)",관광활동,0
CB-01,자연,자연명승 및 풍경 관람,관광활동,0
CB-02,명승,자연명승 및 풍경 관람,관광활동,0
CB-03,풍경,자연명승 및 풍경 관람,관광활동,0
CB-04,절경,자연명승 및 풍경 관람,관광활동,0
CC-01,삼림욕,삼림욕,관광활동,0
CC-02,산림욕장,삼림욕,관광활동,0
CC-03,휴양림,삼림욕,관광활동,0
CC-04,피톤치드,삼림욕,관광활동,0
CD-01,캠핑,국내캠핑,관광활동,0
CD-02,글램핑,국내캠핑,관광활동,0
CD-03,야영,국내캠핑,관광활동,0
CD-04,바베큐,국내캠핑,관광활동,0
CD-05,카라반,국내캠핑,관광활동,0
CE-01,해외여행,해외여행,관광활동,0
CE-02,여권,해외여행,관광활동,0
CE-03,여행보험,해외여행,관광활동,0
CE-04,패키지여행,해외여행,관광활동,0
CE-05,대사관,해외여행,관광활동,0
CE-06,이코노미,해외여행,관광활동,0
CE-07,비즈니스,해외여행,관광활동,0
CE-08,퍼스트,해외여행,관광활동,0
CF-01,소풍,소풍/야유회,관광활동,0
CF-02,피크닉,소풍/야유회,관광활동,0
CF-03,현장체험학습,소풍/야유회,관광활동,0
CF-04,견학,소풍/야유회,관광활동,0
CF-05,야유회,소풍/야유회,관광활동,0
CF-06,도시락,소풍/야유회,관광활동,0
CF-07,어린이집,소풍/야유회,관광활동,0
CG-01,해수욕,온천/해수욕,관광활동,0
CG-02,경포대,온천/해수욕,관광활동,0
CG-03,무창포,온천/해수욕,관광활동,0
CG-04,해운대,온천/해수욕,관광활동,0
CG-05,광안리,온천/해수욕,관광활동,0
CG-06,온천,온천/해수욕,관광활동,0
CH-01,유람선,유람선 타기 (배타기 포함),관광활동,0
CI-01,롯데월드,테마파크가기/놀이공원/동물원/식물원 가기,관광활동,0
CI-02,에버랜드,테마파크가기/놀이공원/동물원/식물원 가기,관광활동,0
CI-03,서울랜드,테마파크가기/놀이공원/동물원/식물원 가기,관광활동,0
CI-04,오션월드,테마파크가기/놀이공원/동물원/식물원 가기,관광활동,0
CI-05,스파캐슬,테마파크가기/놀이공원/동물원/식물원 가기,관광활동,0
CI-06,수목원,테마파크가기/놀이공원/동물원/식물원 가기,관광활동,0
CI-07,동물원,테마파크가기/놀이공원/동물원/식물원 가기,관광활동,0
CI-08,경주월드,테마파크가기/놀이공원/동물원/식물원 가기,관광활동,0
CI-09,이월드,테마파크가기/놀이공원/동물원/식물원 가기,관광활동,0
CI-10,테마파크,테마파크가기/놀이공원/동물원/식물원 가기,관광활동,0
CI-11,놀이공원,테마파크가기/놀이공원/동물원/식물원 가기,관광활동,0
CI-12,동물원,테마파크가기/놀이공원/동물원/식물원 가기,관광활동,0
CI-13,식물원,테마파크가기/놀이공원/동물원/식물원 가기,관광활동,0
CJ-01,축제,지역축제 참가,관광활동,0
CJ-02,야시장,지역축제 참가,관광활동,0
CJ-03,푸드트럭,지역축제 참가,관광활동,0
CK-01,드라이브,자동차 드라이브,관광활동,0
CK-02,운전,자동차 드라이브,관광활동,0
CK-03,조수석,자동차 드라이브,관광활동,0
DA-01,수집,수집활동(스크랩 포함),취미오락활동,0
DA-02,스크랩,수집활동(스크랩 포함),취미오락활동,0
DB-01,공예,"생활공예(십자수, 비즈공예, DIY, 꽃꽃이 등)",취미오락활동,0
DB-02,자수,"생활공예(십자수, 비즈공예, DIY, 꽃꽃이 등)",취미오락활동,0
DB-03,DIY,"생활공예(십자수, 비즈공예, DIY, 꽃꽃이 등)",취미오락활동,0
DB-04,꽂꽂이,"생활공예(십자수, 비즈공예, DIY, 꽃꽃이 등)",취미오락활동,0
DC-01,요리,요리하기/다도,취미오락활동,0
DC-02,고든램지,요리하기/다도,취미오락활동,0
DC-03,레시피,요리하기/다도,취미오락활동,0
DC-04,다도,요리하기/다도,취미오락활동,0
DC-05,백종원,요리하기/다도,취미오락활동,0
DC-06,베이킹,요리하기/다도,취미오락활동,0
DD-01,강아지,반려동물 돌보기,취미오락활동,0
DD-02,고양이,반려동물 돌보기,취미오락활동,0
DD-03,야옹이,반려동물 돌보기,취미오락활동,0
DD-04,냥줍,반려동물 돌보기,취미오락활동,0
DD-05,집사,반려동물 돌보기,취미오락활동,0
DD-06,반려견,반려동물 돌보기,취미오락활동,0
DD-07,반려묘,반려동물 돌보기,취미오락활동,0
DE-01,노래방,노래방 가기,취미오락활동,0
DE-02,마이크,노래방 가기,취미오락활동,0
DE-03,동노,노래방 가기,취미오락활동,0
DE-04,코노,노래방 가기,취미오락활동,0
DE-05,동전노래방,노래방 가기,취미오락활동,0
DE-06,코인노래방,노래방 가기,취미오락활동,0
DE-07,tj,노래방 가기,취미오락활동,0
DE-08,에코,노래방 가기,취미오락활동,0
DF-01,인테리어,"인테리어(집, 자동차 등)",취미오락활동,0
DF-02,오늘의집,"인테리어(집, 자동차 등)",취미오락활동,0
DF-03,가구,"인테리어(집, 자동차 등)",취미오락활동,0
DF-04,소품,"인테리어(집, 자동차 등)",취미오락활동,0
DF-05,조명,"인테리어(집, 자동차 등)",취미오락활동,0
DF-06,한샘,"인테리어(집, 자동차 등)",취미오락활동,0
DG-01,등산,등산,취미오락활동,0
DG-02,등반,등산,취미오락활동,0
DG-03,북한산,등산,취미오락활동,0
DG-04,한라산,등산,취미오락활동,0
DG-05,앞산,등산,취미오락활동,0
DG-06,뒷산,등산,취미오락활동,0
DH-01,낚시,낚시,취미오락활동,0
DH-02,미끼,낚시,취미오락활동,0
DH-03,물고기,낚시,취미오락활동,0
DH-04,민물,낚시,취미오락활동,0
DH-05,방파제,낚시,취미오락활동,0
DI-01,블로그,홈페이지/블로그 관리,취미오락활동,0
DI-02,티스토리,홈페이지/블로그 관리,취미오락활동,0
DI-03,애드센스,홈페이지/블로그 관리,취미오락활동,0
DI-04,블로거,홈페이지/블로그 관리,취미오락활동,0
DI-05,홈페이지,홈페이지/블로그 관리,취미오락활동,0
DJ-01,검색,인터넷 검색/1인미디어 제작/SNS/영상편집,취미오락활동,0
DJ-02,구글링,인터넷 검색/1인미디어 제작/SNS/영상편집,취미오락활동,0
DJ-03,미디어제작,인터넷 검색/1인미디어 제작/SNS/영상편집,취미오락활동,0
DJ-04,1인미디어,인터넷 검색/1인미디어 제작/SNS/영상편집,취미오락활동,0
DJ-05,SNS,인터넷 검색/1인미디어 제작/SNS/영상편집,취미오락활동,0
DJ-06,편집,인터넷 검색/1인미디어 제작/SNS/영상편집,취미오락활동,0
DJ-07,인스타,인터넷 검색/1인미디어 제작/SNS/영상편집,취미오락활동,0
DJ-08,페이스,인터넷 검색/1인미디어 제작/SNS/영상편집,취미오락활동,0
DK-01,게임,게임(온라인/모바일/콘솔게임 등),취미오락활동,0
DK-02,닌텐도,게임(온라인/모바일/콘솔게임 등),취미오락활동,0
DK-03,플스,게임(온라인/모바일/콘솔게임 등),취미오락활동,0
DK-04,플레이스테이션,게임(온라인/모바일/콘솔게임 등),취미오락활동,0
DK-05,스팀,게임(온라인/모바일/콘솔게임 등),취미오락활동,0
DK-06,피시방,게임(온라인/모바일/콘솔게임 등),취미오락활동,0
DK-07,피방,게임(온라인/모바일/콘솔게임 등),취미오락활동,0
DK-08,pc방,게임(온라인/모바일/콘솔게임 등),취미오락활동,0
DK-09,온라인게임,게임(온라인/모바일/콘솔게임 등),취미오락활동,0
DK-10,모바일게임,게임(온라인/모바일/콘솔게임 등),취미오락활동,0
DK-11,콘솔게임,게임(온라인/모바일/콘솔게임 등),취미오락활동,0
DL-01,큐브,보드게임/퍼즐/큐브 맞추기,취미오락활동,0
DL-02,보드게임,보드게임/퍼즐/큐브 맞추기,취미오락활동,0
DL-03,보겜,보드게임/퍼즐/큐브 맞추기,취미오락활동,0
DL-04,퍼즐,보드게임/퍼즐/큐브 맞추기,취미오락활동,0
DL-05,루미큐브,보드게임/퍼즐/큐브 맞추기,취미오락활동,0
DM-01,바둑,바둑/장기/체스,취미오락활동,0
DM-02,장기,바둑/장기/체스,취미오락활동,0
DM-03,체스,바둑/장기/체스,취미오락활동,0
DN-01,경마,"겜블(경마, 경륜, 카지노, 카드놀이, 고스톱, 마작 등)/복권구입",취미오락활동,0
DN-02,경륜,"겜블(경마, 경륜, 카지노, 카드놀이, 고스톱, 마작 등)/복권구입",취미오락활동,0
DN-03,카지노,"겜블(경마, 경륜, 카지노, 카드놀이, 고스톱, 마작 등)/복권구입",취미오락활동,0
DN-04,카드놀이,"겜블(경마, 경륜, 카지노, 카드놀이, 고스톱, 마작 등)/복권구입",취미오락활동,0
DN-05,고스톱,"겜블(경마, 경륜, 카지노, 카드놀이, 고스톱, 마작 등)/복권구입",취미오락활동,0
DN-06,마작,"겜블(경마, 경륜, 카지노, 카드놀이, 고스톱, 마작 등)/복권구입",취미오락활동,0
DO-01,쇼핑,쇼핑/외식,취미오락활동,0
DO-02,아이쇼핑,쇼핑/외식,취미오락활동,0
DO-03,맛집,쇼핑/외식,취미오락활동,0
DO-04,외식,쇼핑/외식,취미오락활동,0
DP-01,소주,음주,취미오락활동,0
DP-02,맥주,음주,취미오락활동,0
DP-03,참이슬,음주,취미오락활동,0
DP-04,진로,음주,취미오락활동,0
DP-05,소맥,음주,취미오락활동,0
DP-06,캘리,음주,취미오락활동,0
DP-07,대선,음주,취미오락활동,0
DP-08,와인,음주,취미오락활동,0
DP-09,칵테일,음주,취미오락활동,0
DP-10,막걸리,음주,취미오락활동,0
DP-11,위스키,음주,취미오락활동,0
DP-12,하이볼,음주,취미오락활동,0
DP-13,숙취,음주,취미오락활동,0
DP-14,술집,음주,취미오락활동,0
DQ-01,도서관,"독서(웹소설 포함), 만화(웹툰포함)",취미오락활동,0
DQ-02,독서,"독서(웹소설 포함), 만화(웹툰포함)",취미오락활동,0
DQ-03,웹소설,"독서(웹소설 포함), 만화(웹툰포함)",취미오락활동,0
DQ-04,소설,"독서(웹소설 포함), 만화(웹툰포함)",취미오락활동,0
DQ-05,웹툰,"독서(웹소설 포함), 만화(웹툰포함)",취미오락활동,0
DQ-06,만화,"독서(웹소설 포함), 만화(웹툰포함)",취미오락활동,0
DR-01,화장,"미용(피부관리, 헤어관리, 네일아트, 마사지, 성형 등)",취미오락활동,0
DR-02,왁싱,"미용(피부관리, 헤어관리, 네일아트, 마사지, 성형 등)",취미오락활동,0
DR-03,미용,"미용(피부관리, 헤어관리, 네일아트, 마사지, 성형 등)",취미오락활동,0
DR-04,네일,"미용(피부관리, 헤어관리, 네일아트, 마사지, 성형 등)",취미오락활동,0
DR-05,피부,"미용(피부관리, 헤어관리, 네일아트, 마사지, 성형 등)",취미오락활동,0
DS-01,어학,"어학, 기술, 자격증 취득 공부, 학원 등 이용",취미오락활동,0
DS-02,시험,"어학, 기술, 자격증 취득 공부, 학원 등 이용",취미오락활동,0
DS-03,TOEIC,"어학, 기술, 자격증 취득 공부, 학원 등 이용",취미오락활동,0
DS-04,공인어학시험,"어학, 기술, 자격증 취득 공부, 학원 등 이용",취미오락활동,0
DS-05,자격증,"어학, 기술, 자격증 취득 공부, 학원 등 이용",취미오락활동,0
DS-06,기사시험,"어학, 기술, 자격증 취득 공부, 학원 등 이용",취미오락활동,0
DS-07,기능사,"어학, 기술, 자격증 취득 공부, 학원 등 이용",취미오락활동,0
DS-08,컴퓨터활용능력,"어학, 기술, 자격증 취득 공부, 학원 등 이용",취미오락활동,0
DS-09,컴활,"어학, 기술, 자격증 취득 공부, 학원 등 이용",취미오락활동,0
DT-01,방탈출,"이색/테마카페 체험(방탈출, VR, 낚시카페 등)",취미오락활동,0
DT-02,vr,"이색/테마카페 체험(방탈출, VR, 낚시카페 등)",취미오락활동,0
DT-03,낚시카페,"이색/테마카페 체험(방탈출, VR, 낚시카페 등)",취미오락활동,0
DT-04,동물카페,"이색/테마카페 체험(방탈출, VR, 낚시카페 등)",취미오락활동,0
DT-05,고양이카페,"이색/테마카페 체험(방탈출, VR, 낚시카페 등)",취미오락활동,0
DT-06,방탈,"이색/테마카페 체험(방탈출, VR, 낚시카페 등)",취미오락활동,0
DT-07,크라임씬,"이색/테마카페 체험(방탈출, VR, 낚시카페 등)",취미오락활동,0
DU-01,원예가,"원예 (화분, 화단가꾸기 등)",취미오락활동,0
DU-02,식물,"원예 (화분, 화단가꾸기 등)",취미오락활동,0
DU-03,나무,"원예 (화분, 화단가꾸기 등)",취미오락활동,0
DU-04,분갈이,"원예 (화분, 화단가꾸기 등)",취미오락활동,0
DU-05,다육,"원예 (화분, 화단가꾸기 등)",취미오락활동,0
DU-06,화단,"원예 (화분, 화단가꾸기 등)",취미오락활동,0
EA-01,산책,산책 및 걷기,휴식활동,0
EA-02,공원,산책 및 걷기,휴식활동,0
EA-03,산보,산책 및 걷기,휴식활동,0
EA-04,파워워킹,산책 및 걷기,휴식활동,0
EA-05,경보,산책 및 걷기,휴식활동,0
EB-01,목욕,목욕/사우나/찜질방,휴식활동,0
EB-02,사우나,목욕/사우나/찜질방,휴식활동,0
EB-03,찜질,목욕/사우나/찜질방,휴식활동,0
EB-04,온천,목욕/사우나/찜질방,휴식활동,0
EB-05,샤워,목욕/사우나/찜질방,휴식활동,0
EB-06,때밀이,목욕/사우나/찜질방,휴식활동,0
EB-07,세신,목욕/사우나/찜질방,휴식활동,0
EB-08,배쓰밤,목욕/사우나/찜질방,휴식활동,0
EB-09,입욕제,목욕/사우나/찜질방,휴식활동,0
EC-01,낮잠,낮잠,휴식활동,0
ED-01,tv,"TV시청(IPTV 포함) 및 모바일 컨텐츠, 동영상, VOD시청, OTT 시청",휴식활동,0
ED-02,넷플릭스,"TV시청(IPTV 포함) 및 모바일 컨텐츠, 동영상, VOD시청, OTT 시청",휴식활동,0
ED-03,디즈니플러스,"TV시청(IPTV 포함) 및 모바일 컨텐츠, 동영상, VOD시청, OTT 시청",휴식활동,0
ED-04,애플티비,"TV시청(IPTV 포함) 및 모바일 컨텐츠, 동영상, VOD시청, OTT 시청",휴식활동,0
ED-05,티빙,"TV시청(IPTV 포함) 및 모바일 컨텐츠, 동영상, VOD시청, OTT 시청",휴식활동,0
ED-06,쿠팡플레이,"TV시청(IPTV 포함) 및 모바일 컨텐츠, 동영상, VOD시청, OTT 시청",휴식활동,0
ED-07,라프텔,"TV시청(IPTV 포함) 및 모바일 컨텐츠, 동영상, VOD시청, OTT 시청",휴식활동,0
ED-08,웨이브,"TV시청(IPTV 포함) 및 모바일 컨텐츠, 동영상, VOD시청, OTT 시청",휴식활동,0
ED-09,왓챠,"TV시청(IPTV 포함) 및 모바일 컨텐츠, 동영상, VOD시청, OTT 시청",휴식활동,0
ED-10,티비,"TV시청(IPTV 포함) 및 모바일 컨텐츠, 동영상, VOD시청, OTT 시청",휴식활동,0
ED-11,예능,"TV시청(IPTV 포함) 및 모바일 컨텐츠, 동영상, VOD시청, OTT 시청",휴식활동,0
ED-12,드라마,"TV시청(IPTV 포함) 및 모바일 컨텐츠, 동영상, VOD시청, OTT 시청",휴식활동,0
ED-13,유튜브,"TV시청(IPTV 포함) 및 모바일 컨텐츠, 동영상, VOD시청, OTT 시청",휴식활동,0
ED-14,아프리카,"TV시청(IPTV 포함) 및 모바일 컨텐츠, 동영상, VOD시청, OTT 시청",휴식활동,0
ED-15,트위치,"TV시청(IPTV 포함) 및 모바일 컨텐츠, 동영상, VOD시청, OTT 시청",휴식활동,0
ED-16,릴스,"TV시청(IPTV 포함) 및 모바일 컨텐츠, 동영상, VOD시청, OTT 시청",휴식활동,0
ED-17,쇼츠,"TV시청(IPTV 포함) 및 모바일 컨텐츠, 동영상, VOD시청, OTT 시청",휴식활동,0
ED-18,숏츠,"TV시청(IPTV 포함) 및 모바일 컨텐츠, 동영상, VOD시청, OTT 시청",휴식활동,0
ED-19,OTT,"TV시청(IPTV 포함) 및 모바일 컨텐츠, 동영상, VOD시청, OTT 시청",휴식활동,0
ED-20,VOD,"TV시청(IPTV 포함) 및 모바일 컨텐츠, 동영상, VOD시청, OTT 시청",휴식활동,0
EE-01,라디오,라디오/팟캐스트 청취,휴식활동,0
EE-02,스푼,라디오/팟캐스트 청취,휴식활동,0
EE-03,팟캐스트,라디오/팟캐스트 청취,휴식활동,0
EF-01,음악,음악 감상,휴식활동,0
EF-02,lp,음악 감상,휴식활동,0
EF-03,턴테이블,음악 감상,휴식활동,0
EF-04,지니,음악 감상,휴식활동,0
EF-05,멜론,음악 감상,휴식활동,0
EF-06,노래,음악 감상,휴식활동,0
EF-07,플레이리스트,음악 감상,휴식활동,0
EG-01,신문,신문/잡지보기,휴식활동,0
EG-02,잡지,신문/잡지보기,휴식활동,0
EG-03,뉴스,신문/잡지보기,휴식활동,0
EG-04,속보,신문/잡지보기,휴식활동,0
EG-05,특보,신문/잡지보기,휴식활동,0
EH-01,빈둥,아무것도 안 하기,휴식활동,0
FA-01,봉사,사회봉사활동,사회 및 기타 활동,0
FA-02,1365,사회봉사활동,사회 및 기타 활동,0
FA-03,지역사회,사회봉사활동,사회 및 기타 활동,0
FA-04,사회복지,사회봉사활동,사회 및 기타 활동,0
FA-05,봉사활동,사회봉사활동,사회 및 기타 활동,0
FB-01,경전,종교활동,사회 및 기타 활동,0
FB-02,불경,종교활동,사회 및 기타 활동,0
FB-03,성경,종교활동,사회 및 기타 활동,0
FB-04,찬송,종교활동,사회 및 기타 활동,0
FB-05,교회,종교활동,사회 및 기타 활동,0
FB-06,성당,종교활동,사회 및 기타 활동,0
FB-07,예배,종교활동,사회 및 기타 활동,0
FB-08,집회참가,종교활동,사회 및 기타 활동,0
FB-09,구역예배,종교활동,사회 및 기타 활동,0
FB-10,교인,종교활동,사회 및 기타 활동,0
FB-11,기독교,종교활동,사회 및 기타 활동,0
FB-12,천주교,종교활동,사회 및 기타 활동,0
FB-13,원불,종교활동,사회 및 기타 활동,0
FC-01,클럽,클럽/나이트/디스코/캬바레,사회 및 기타 활동,0
FC-02,홍대라이브,클럽/나이트/디스코/캬바레,사회 및 기타 활동,0
FC-03,감성주점,클럽/나이트/디스코/캬바레,사회 및 기타 활동,0
FC-04,감주,클럽/나이트/디스코/캬바레,사회 및 기타 활동,0
FC-05,디스코,클럽/나이트/디스코/캬바레,사회 및 기타 활동,0
FC-06,캬바레,클럽/나이트/디스코/캬바레,사회 및 기타 활동,0
FD-01,친척,가족 및 친지방문,사회 및 기타 활동,0
FD-02,가족,가족 및 친지방문,사회 및 기타 활동,0
FD-03,생일,가족 및 친지방문,사회 및 기타 활동,0
FD-04,회갑,가족 및 친지방문,사회 및 기타 활동,0
FD-05,제사,가족 및 친지방문,사회 및 기타 활동,0
FD-06,환갑,가족 및 친지방문,사회 및 기타 활동,0
FD-07,칠순,가족 및 친지방문,사회 및 기타 활동,0
FE-01,문자메시지,잡담/통화하기/문자보내기 (모바일 메신저 메시지),사회 및 기타 활동,0
FE-02,전화,잡담/통화하기/문자보내기 (모바일 메신저 메시지),사회 및 기타 활동,0
FE-03,통화,잡담/통화하기/문자보내기 (모바일 메신저 메시지),사회 및 기타 활동,0
FE-04,카카오톡,잡담/통화하기/문자보내기 (모바일 메신저 메시지),사회 및 기타 활동,0
FE-05,카톡,잡담/통화하기/문자보내기 (모바일 메신저 메시지),사회 및 기타 활동,0
FE-06,디엠,잡담/통화하기/문자보내기 (모바일 메신저 메시지),사회 및 기타 활동,0
FE-07,채팅,잡담/통화하기/문자보내기 (모바일 메신저 메시지),사회 및 기타 활동,0
FE-08,메신저,잡담/통화하기/문자보내기 (모바일 메신저 메시지),사회 및 기타 활동,0
FG-01,동호회,계모임/동창회/사교(파티)/동호회 모임,사회 및 기타 활동,0
FG-02,동문회,계모임/동창회/사교(파티)/동호회 모임,사회 및 기타 활동,0
FG-03,교우회,계모임/동창회/사교(파티)/동호회 모임,사회 및 기타 활동,0
FG-04,반창회,계모임/동창회/사교(파티)/동호회 모임,사회 및 기타 활동,0
FG-05,총동문회,계모임/동창회/사교(파티)/동호회 모임,사회 및 기타 활동,0
FG-06,송년회,계모임/동창회/사교(파티)/동호회 모임,사회 및 기타 활동,0
FG-07,계모임,계모임/동창회/사교(파티)/동호회 모임,사회 및 기타 활동,0
FG-08,동창회,계모임/동창회/사교(파티)/동호회 모임,사회 및 기타 활동,0
FG-09,사교,계모임/동창회/사교(파티)/동호회 모임,사회 및 기타 활동,0
FG-10,파티,계모임/동창회/사교(파티)/동호회 모임,사회 및 기타 활동,0
FH-01,친구,친구만남/이성교제/미팅/소개팅,사회 및 기타 활동,0
FH-02,교제,친구만남/이성교제/미팅/소개팅,사회 및 기타 활동,0
FH-03,연애,친구만남/이성교제/미팅/소개팅,사회 및 기타 활동,0
FH-04,데이트,친구만남/이성교제/미팅/소개팅,사회 및 기타 활동,0
FH-05,소개팅,친구만남/이성교제/미팅/소개팅,사회 및 기타 활동,0
FH-06,남친,친구만남/이성교제/미팅/소개팅,사회 및 기타 활동,0
FH-07,여친,친구만남/이성교제/미팅/소개팅,사회 및 기타 활동,0
FH-08,과팅,친구만남/이성교제/미팅/소개팅,사회 및 기타 활동,0